{
    "playerPosition": {
        "x": 698.0704345703125,
        "y": 62.55449676513672,
        "z": 170.8084716796875
    },
    "playerRotation": {
        "x": 0.0,
        "y": 0.06700688600540161,
        "z": 0.0,
        "w": 0.9977525472640991
    },
    "cameraPosition": {
        "x": 698.0704345703125,
        "y": 62.55449676513672,
        "z": 170.8084716796875
    },
    "cameraRotation": {
        "x": 0.0,
        "y": 0.06700688600540161,
        "z": 0.0,
        "w": 0.9977525472640991
    },
    "bossesDefeated": [],
    "cityLoyalty": 0.0,
    "natureLoyalty": 0.0,
    "tutorialDone": true,
    "npcsInteracted": [
        {
            "npcName": "Tutorial Robot (2)",
            "currentDialogueIndex": 1
        },
        {
            "npcName": "Tutorial Robot (1)",
            "currentDialogueIndex": 1
        },
        {
            "npcName": "Tonhao",
            "currentDialogueIndex": 1
        }
    ],
    "currentHour": "11/06/2024 17:19:21"
}