{
    "playerPosition": {
        "x": 613.1722412109375,
        "y": 58.58335876464844,
        "z": 301.3415832519531
    },
    "playerRotation": {
        "x": 0.0,
        "y": 0.3496776521205902,
        "z": 0.0,
        "w": 0.9368700981140137
    },
    "cameraPosition": {
        "x": 613.1722412109375,
        "y": 58.58335876464844,
        "z": 301.3415832519531
    },
    "cameraRotation": {
        "x": 0.0,
        "y": 0.3496776521205902,
        "z": 0.0,
        "w": 0.9368700981140137
    },
    "bossesDefeated": [],
    "cityLoyalty": 0.0,
    "natureLoyalty": 0.0,
    "tutorialDone": true,
    "npcsInteracted": [
        {
            "npcName": "Tutorial Robot (2)",
            "currentDialogueIndex": 1
        },
        {
            "npcName": "Tutorial Robot (1)",
            "currentDialogueIndex": 1
        },
        {
            "npcName": "Tonhao",
            "currentDialogueIndex": 1
        }
    ],
    "currentHour": "12/06/2024 02:13:34"
}