{
    "playerPosition": {
        "x": 764.0997314453125,
        "y": 57.68082809448242,
        "z": 336.1844177246094
    },
    "playerRotation": {
        "x": 0.0,
        "y": 0.2177204191684723,
        "z": 0.0,
        "w": 0.9760112166404724
    },
    "cameraPosition": {
        "x": 764.0997314453125,
        "y": 57.68082809448242,
        "z": 336.1844177246094
    },
    "cameraRotation": {
        "x": 0.0,
        "y": 0.2177204191684723,
        "z": 0.0,
        "w": 0.9760112166404724
    },
    "bossesDefeated": [],
    "playerLife": 100.0,
    "cityLoyalty": 0.0,
    "natureLoyalty": 0.0,
    "tutorialDone": true,
    "npcsInteracted": [
        {
            "npcName": "Tutorial Robot (2)",
            "currentDialogueIndex": 1
        },
        {
            "npcName": "Tutorial Robot (1)",
            "currentDialogueIndex": 1
        },
        {
            "npcName": "Tonhao",
            "currentDialogueIndex": 1
        }
    ],
    "currentHour": "21/06/2024 12:59:25"
}