{
    "playerPosition": {
        "x": 624.0040283203125,
        "y": 57.2803840637207,
        "z": 249.64715576171876
    },
    "playerRotation": {
        "x": 0.0,
        "y": 0.12922777235507966,
        "z": 0.0,
        "w": -0.9916149377822876
    },
    "cameraPosition": {
        "x": 624.0040283203125,
        "y": 57.2803840637207,
        "z": 249.64715576171876
    },
    "cameraRotation": {
        "x": 0.0,
        "y": 0.12922777235507966,
        "z": 0.0,
        "w": -0.9916149377822876
    },
    "bossesDefeated": [],
    "playerLife": 100.0,
    "cityLoyalty": 0.0,
    "natureLoyalty": 0.0,
    "tutorialDone": true,
    "npcsInteracted": [
        {
            "npcName": "Tutorial Robot (2)",
            "currentDialogueIndex": 1
        },
        {
            "npcName": "Tutorial Robot (1)",
            "currentDialogueIndex": 1
        },
        {
            "npcName": "Tonhao",
            "currentDialogueIndex": 1
        }
    ],
    "currentHour": "26/06/2024 03:16:34"
}