{
    "playerPosition": {
        "x": 646.2548217773438,
        "y": 82.139404296875,
        "z": 237.8017578125
    },
    "playerRotation": {
        "x": 0.0,
        "y": 0.330509752035141,
        "z": 0.0,
        "w": -0.943802535533905
    },
    "cameraPosition": {
        "x": 646.2548217773438,
        "y": 82.139404296875,
        "z": 237.8017578125
    },
    "cameraRotation": {
        "x": 0.0,
        "y": 0.330509752035141,
        "z": 0.0,
        "w": -0.943802535533905
    },
    "bossesDefeated": [],
    "playerLife": 100.0,
    "cityLoyalty": 0.0,
    "natureLoyalty": 0.0,
    "tutorialDone": true,
    "npcsInteracted": [],
    "currentHour": "29/06/2024 13:36:43"
}