{
    "playerPosition": {
        "x": 686.0919189453125,
        "y": 62.491695404052737,
        "z": 192.35806274414063
    },
    "playerRotation": {
        "x": 0.0,
        "y": 0.4661237597465515,
        "z": 0.0,
        "w": -0.8847196102142334
    },
    "cameraPosition": {
        "x": 686.0919189453125,
        "y": 62.491695404052737,
        "z": 192.35806274414063
    },
    "cameraRotation": {
        "x": 0.0,
        "y": 0.4661237597465515,
        "z": 0.0,
        "w": -0.8847196102142334
    },
    "bossesDefeated": [],
    "cityLoyalty": 0.0,
    "natureLoyalty": 0.0,
    "tutorialDone": false,
    "npcsInteracted": [],
    "currentHour": "01/01/0001 12:58:17"
}