{
    "playerPosition": {
        "x": 684.4428100585938,
        "y": 62.40007400512695,
        "z": 192.24452209472657
    },
    "playerRotation": {
        "x": 0.0,
        "y": 0.5917717218399048,
        "z": 0.0,
        "w": -0.8061057329177856
    },
    "cameraPosition": {
        "x": 684.4428100585938,
        "y": 62.40007400512695,
        "z": 192.24452209472657
    },
    "cameraRotation": {
        "x": 0.0,
        "y": 0.5917717218399048,
        "z": 0.0,
        "w": -0.8061057329177856
    },
    "bossesDefeated": [],
    "cityLoyalty": 0.0,
    "natureLoyalty": 0.0,
    "tutorialDone": false,
    "npcsInteracted": [
        {
            "npcName": "Tutorial Robot",
            "currentDialogueIndex": 0
        }
    ],
    "currentHour": "11/06/2024 13:43:37"
}