{
    "playerPosition": {
        "x": 654.2174072265625,
        "y": 82.139404296875,
        "z": 230.12445068359376
    },
    "playerRotation": {
        "x": 0.0,
        "y": 0.9998624920845032,
        "z": 0.0,
        "w": -0.01658521592617035
    },
    "cameraPosition": {
        "x": 654.2174072265625,
        "y": 82.139404296875,
        "z": 230.12445068359376
    },
    "cameraRotation": {
        "x": 0.0,
        "y": 0.9998624920845032,
        "z": 0.0,
        "w": -0.01658521592617035
    },
    "bossesDefeated": [],
    "playerLife": 100.0,
    "cityLoyalty": 0.0,
    "natureLoyalty": 0.0,
    "tutorialDone": true,
    "npcsInteracted": [],
    "currentHour": "02/07/2024 20:26:09",
    "currentLevel": 8
}