{
    "playerPosition": {
        "x": 493.5885009765625,
        "y": 126.38560485839844,
        "z": 249.01388549804688
    },
    "playerRotation": {
        "x": 0.0,
        "y": 0.9434703588485718,
        "z": 0.0,
        "w": -0.33145707845687868
    },
    "cameraPosition": {
        "x": 493.5885009765625,
        "y": 126.38560485839844,
        "z": 249.01388549804688
    },
    "cameraRotation": {
        "x": 0.0,
        "y": 0.9434703588485718,
        "z": 0.0,
        "w": -0.33145707845687868
    },
    "bossesDefeated": [],
    "playerLife": 94.0,
    "cityLoyalty": 0.0,
    "natureLoyalty": 0.0,
    "tutorialDone": true,
    "npcsInteracted": [
        {
            "npcName": "Tutorial Robot (2)",
            "currentDialogueIndex": 1
        },
        {
            "npcName": "Tutorial Robot (1)",
            "currentDialogueIndex": 1
        },
        {
            "npcName": "Tonhao",
            "currentDialogueIndex": 1
        }
    ],
    "currentHour": "11/06/2024 21:09:51"
}