{
    "playerPosition": {
        "x": 649.2081909179688,
        "y": 82.07040405273438,
        "z": 234.67379760742188
    },
    "playerRotation": {
        "x": 0.0,
        "y": 0.19209864735603333,
        "z": 0.0,
        "w": 0.9813756346702576
    },
    "cameraPosition": {
        "x": 649.2081909179688,
        "y": 82.07040405273438,
        "z": 234.67379760742188
    },
    "cameraRotation": {
        "x": 0.0,
        "y": 0.19209864735603333,
        "z": 0.0,
        "w": 0.9813756346702576
    },
    "bossesDefeated": [],
    "playerLife": -2.0,
    "cityLoyalty": 0.0,
    "natureLoyalty": 0.0,
    "tutorialDone": true,
    "npcsInteracted": [],
    "currentHour": "01/07/2024 13:22:31",
    "currentLevel": 1,
    "avaliablePoints": 0,
    "strengthPoint": 5,
    "agilityPoint": 5,
    "intelligencePoint": 0,
    "endurancePoint": 5,
    "skillsLearned": []
}