{
    "playerPosition": {
        "x": 891.0120849609375,
        "y": 50.19462203979492,
        "z": 442.7781982421875
    },
    "playerRotation": {
        "x": 0.0,
        "y": 0.38591355085372927,
        "z": 0.0,
        "w": 0.9225349426269531
    },
    "cameraPosition": {
        "x": 891.0120849609375,
        "y": 50.19462203979492,
        "z": 442.7781982421875
    },
    "cameraRotation": {
        "x": 0.0,
        "y": 0.38591355085372927,
        "z": 0.0,
        "w": 0.9225349426269531
    },
    "bossesDefeated": [],
    "playerLife": 100.0,
    "cityLoyalty": 0.0,
    "natureLoyalty": 0.0,
    "tutorialDone": true,
    "npcsInteracted": [
        {
            "npcName": "Tutorial Robot (2)",
            "currentDialogueIndex": 1
        },
        {
            "npcName": "Tutorial Robot (1)",
            "currentDialogueIndex": 1
        },
        {
            "npcName": "Tonhao",
            "currentDialogueIndex": 1
        }
    ],
    "currentHour": "22/06/2024 08:46:43"
}