{
    "playerPosition": {
        "x": -14.0128173828125,
        "y": 0.2626495361328125,
        "z": 4.563995361328125
    },
    "playerRotation": {
        "x": 0.0,
        "y": 0.2257966548204422,
        "z": 0.0,
        "w": -0.9741744995117188
    },
    "cameraPosition": {
        "x": -14.0128173828125,
        "y": 0.2626495361328125,
        "z": 4.563995361328125
    },
    "cameraRotation": {
        "x": 0.0,
        "y": 0.2257966548204422,
        "z": 0.0,
        "w": -0.9741744995117188
    },
    "bossesDefeated": [],
    "cityLoyalty": 0.0,
    "natureLoyalty": 0.0,
    "tutorialDone": false,
    "npcsInteracted": [
        {
            "npcName": "Tonhao",
            "currentDialogueIndex": 1
        }
    ],
    "currentHour": "11/06/2024 14:31:23"
}