{
    "playerPosition": {
        "x": 669.4683837890625,
        "y": 62.558082580566409,
        "z": 214.46310424804688
    },
    "playerRotation": {
        "x": 0.0,
        "y": 0.879591166973114,
        "z": 0.0,
        "w": 0.47573041915893557
    },
    "cameraPosition": {
        "x": 669.4683837890625,
        "y": 62.558082580566409,
        "z": 214.46310424804688
    },
    "cameraRotation": {
        "x": 0.0,
        "y": 0.879591166973114,
        "z": 0.0,
        "w": 0.47573041915893557
    },
    "bossesDefeated": [
        "Mech1.2"
    ],
    "cityLoyalty": 0.0,
    "natureLoyalty": 0.0,
    "tutorialDone": true,
    "npcsInteracted": [
        {
            "npcName": "Tutorial Robot (2)",
            "currentDialogueIndex": 1
        },
        {
            "npcName": "Tutorial Robot (1)",
            "currentDialogueIndex": 1
        },
        {
            "npcName": "Tonhao",
            "currentDialogueIndex": 1
        }
    ],
    "currentHour": "11/06/2024 16:57:34"
}