{
    "playerPosition": {
        "x": 610.1344604492188,
        "y": 56.55719757080078,
        "z": 287.8604736328125
    },
    "playerRotation": {
        "x": 0.0,
        "y": 0.6926789879798889,
        "z": 0.0,
        "w": 0.7212461829185486
    },
    "cameraPosition": {
        "x": 610.1344604492188,
        "y": 56.55719757080078,
        "z": 287.8604736328125
    },
    "cameraRotation": {
        "x": 0.0,
        "y": 0.6926789879798889,
        "z": 0.0,
        "w": 0.7212461829185486
    },
    "bossesDefeated": [],
    "cityLoyalty": 0.0,
    "natureLoyalty": 0.0,
    "tutorialDone": true,
    "npcsInteracted": [
        {
            "npcName": "Tutorial Robot (2)",
            "currentDialogueIndex": 1
        },
        {
            "npcName": "Tutorial Robot (1)",
            "currentDialogueIndex": 1
        },
        {
            "npcName": "Tonhao",
            "currentDialogueIndex": 1
        }
    ],
    "currentHour": "12/06/2024 01:22:42"
}