{
    "playerPosition": {
        "x": 8.7337646484375,
        "y": 0.13000106811523438,
        "z": 0.10760498046875
    },
    "playerRotation": {
        "x": 0.0,
        "y": 0.7664130926132202,
        "z": 0.0,
        "w": -0.6423481106758118
    },
    "cameraPosition": {
        "x": 8.7337646484375,
        "y": 0.13000106811523438,
        "z": 0.10760498046875
    },
    "cameraRotation": {
        "x": 0.0,
        "y": 0.7664130926132202,
        "z": 0.0,
        "w": -0.6423481106758118
    },
    "bossesDefeated": [],
    "playerLife": 100.0,
    "cityLoyalty": 0.0,
    "natureLoyalty": 0.0,
    "tutorialDone": false,
    "npcsInteracted": [
        {
            "npcName": "Tonhao",
            "currentDialogueIndex": 1
        }
    ],
    "currentHour": "11/06/2024 14:15:24"
}