{
    "playerPosition": {
        "x": 892.2007446289063,
        "y": 50.22441101074219,
        "z": 423.544921875
    },
    "playerRotation": {
        "x": 0.0,
        "y": 0.814616322517395,
        "z": 0.0,
        "w": -0.5800002813339233
    },
    "cameraPosition": {
        "x": 892.2007446289063,
        "y": 50.22441101074219,
        "z": 423.544921875
    },
    "cameraRotation": {
        "x": 0.0,
        "y": 0.814616322517395,
        "z": 0.0,
        "w": -0.5800002813339233
    },
    "bossesDefeated": [],
    "playerLife": 100.0,
    "cityLoyalty": 0.0,
    "natureLoyalty": 0.0,
    "tutorialDone": true,
    "npcsInteracted": [
        {
            "npcName": "Tutorial Robot (2)",
            "currentDialogueIndex": 1
        },
        {
            "npcName": "Tutorial Robot (1)",
            "currentDialogueIndex": 1
        },
        {
            "npcName": "Tonhao",
            "currentDialogueIndex": 1
        }
    ],
    "currentHour": "22/06/2024 03:52:42"
}