{
    "playerPosition": {
        "x": 688.5994262695313,
        "y": 62.55812454223633,
        "z": 188.71957397460938
    },
    "playerRotation": {
        "x": 0.0,
        "y": 0.2932150959968567,
        "z": 0.0,
        "w": -0.9560465812683106
    },
    "cameraPosition": {
        "x": 688.5994262695313,
        "y": 62.55812454223633,
        "z": 188.71957397460938
    },
    "cameraRotation": {
        "x": 0.0,
        "y": 0.2932150959968567,
        "z": 0.0,
        "w": -0.9560465812683106
    },
    "bossesDefeated": [],
    "playerLife": 100.0,
    "cityLoyalty": 0.0,
    "natureLoyalty": 400.0,
    "tutorialDone": true,
    "npcsInteracted": [
        {
            "npcName": "T",
            "currentDialogueIndex": 0
        }
    ],
    "currentHour": "03/07/2024 07:58:28",
    "currentLevel": 1,
    "avaliablePoints": 0,
    "strengthPoint": 5,
    "agilityPoint": 5,
    "intelligencePoint": 0,
    "endurancePoint": 5,
    "skillsLearned": []
}