{
    "playerPosition": {
        "x": 632.1958618164063,
        "y": 59.546024322509769,
        "z": 250.64434814453126
    },
    "playerRotation": {
        "x": 0.0,
        "y": 0.5668783187866211,
        "z": 0.0,
        "w": -0.8238016963005066
    },
    "cameraPosition": {
        "x": 632.1958618164063,
        "y": 59.546024322509769,
        "z": 250.64434814453126
    },
    "cameraRotation": {
        "x": 0.0,
        "y": 0.5668783187866211,
        "z": 0.0,
        "w": -0.8238016963005066
    },
    "bossesDefeated": [],
    "cityLoyalty": 0.0,
    "natureLoyalty": 0.0,
    "tutorialDone": false,
    "npcsInteracted": [],
    "currentHour": "11/06/2024 14:15:21"
}