{
    "playerPosition": {
        "x": 784.3294067382813,
        "y": 56.571834564208987,
        "z": 376.92401123046877
    },
    "playerRotation": {
        "x": 0.0,
        "y": 0.04057389497756958,
        "z": 0.0,
        "w": 0.9991766214370728
    },
    "cameraPosition": {
        "x": 784.3294067382813,
        "y": 56.571834564208987,
        "z": 376.92401123046877
    },
    "cameraRotation": {
        "x": 0.0,
        "y": 0.04057389497756958,
        "z": 0.0,
        "w": 0.9991766214370728
    },
    "bossesDefeated": [],
    "playerLife": 100.0,
    "cityLoyalty": 0.0,
    "natureLoyalty": 0.0,
    "tutorialDone": true,
    "npcsInteracted": [
        {
            "npcName": "GraveType1ComplexCross (4)",
            "hasQuest": false,
            "currentDialogueIndex": 0
        }
    ],
    "currentHour": "01/07/2024 16:50:42",
    "currentLevel": 1,
    "avaliablePoints": 0,
    "strengthPoint": 5,
    "agilityPoint": 5,
    "intelligencePoint": 0,
    "endurancePoint": 5,
    "skillsLearned": []
}